Position,Total,Training Attended,Starting Date,End Date,Status
Head Teacher I,10,"Division-Led Training of Teachers on the Revised Grades 6, 9, and 10 Curriculum","May 25, 2026","May 28, 2026",Completed
Head Teacher II,2,"Division-Led Training of Teachers on the Revised Grades 6, 9, and 10 Curriculum","May 25, 2027","May 28, 2027",Completed
Head Teacher III,2,"Division-Led Training of Teachers on the Revised Grades 6, 9, and 10 Curriculum","May 25, 2028","May 28, 2028",Completed
Master Teacher I,108,"Division-Led Training of Teachers on the Revised Grades 6, 9, and 10 Curriculum","May 25, 2029","May 28, 2029",Completed
Master Teacher II,52,"Division-Led Training of Teachers on the Revised Grades 6, 9, and 10 Curriculum","May 25, 2030","May 28, 2030",Completed
Special Science Teacher I,1,"Division-Led Training of Teachers on the Revised Grades 6, 9, and 10 Curriculum","May 25, 2031","May 28, 2031",Completed
SPET I,5,"Division-Led Training of Teachers on the Revised Grades 6, 9, and 10 Curriculum","May 25, 2032","May 28, 2032",Completed
Teacher I,844,"Division-Led Training of Teachers on the Revised Grades 6, 9, and 10 Curriculum","May 25, 2033","May 28, 2033",Completed
Teacher II,434,"Division-Led Training of Teachers on the Revised Grades 6, 9, and 10 Curriculum","May 25, 2034","May 28, 2034",Completed
Teacher III,1070,"Division-Led Training of Teachers on the Revised Grades 6, 9, and 10 Curriculum","May 25, 2035","May 28, 2035",Completed
Teacher IV,13,"Division-Led Training of Teachers on the Revised Grades 6, 9, and 10 Curriculum","May 25, 2036","May 28, 2036",Completed
Teacher V,4,"Division-Led Training of Teachers on the Revised Grades 6, 9, and 10 Curriculum","May 25, 2037","May 28, 2037",Completed
Teacher VI,10,"Division-Led Training of Teachers on the Revised Grades 6, 9, and 10 Curriculum","May 25, 2038","May 28, 2038",Completed
